Time,Force
0,0
5,12.18249396
10,148.4131591
15,1808.042414
20,22026.46579
25,268337.2865
