Time,Force
0,0
5,12.18249396
10,148.4131591
15,1818.042414
20,22036.46579
25,268347.2865
